Date,Name,Year,Letterboxd URI
2018-09-22,Crazy Rich Asians,2018,https://boxd.it/gfnK
2018-09-22,Frozen,2013,https://boxd.it/3GNa
2018-09-22,Tomb Raider,2018,https://boxd.it/bgbA
2018-09-22,Gone Girl,2014,https://boxd.it/6hQu
2018-09-22,Inception,2010,https://boxd.it/1skk
2018-09-22,Flatliners,2017,https://boxd.it/e4CK
2018-09-22,Forrest Gump,1994,https://boxd.it/728
2018-09-22,Your Name.,2016,https://boxd.it/cUqs
2018-09-22,Perfect Blue,1997,https://boxd.it/1W7A
2018-09-22,Good Morning,2007,https://boxd.it/fqQc
2018-09-22,Millennium Actress,2001,https://boxd.it/1fK0
2018-09-22,Tokyo Godfathers,2003,https://boxd.it/1Qg2
2018-09-22,"Love, Simon",2018,https://boxd.it/g02s
2018-09-22,To All the Boys I've Loved Before,2018,https://boxd.it/gHec
2018-09-24,Johnny English Strikes Again,2018,https://boxd.it/gzGW
2018-09-24,Guardians of the Galaxy Vol. 2,2017,https://boxd.it/8MxC
2018-09-24,Fantastic Beasts and Where to Find Them,2016,https://boxd.it/7FPC
2018-09-24,Wreck-It Ralph,2012,https://boxd.it/2TTS
2018-09-24,Up,2009,https://boxd.it/1OEc
2018-09-24,3 Idiots,2009,https://boxd.it/1Dsa
2018-09-24,Dangal,2016,https://boxd.it/chfU
2018-09-24,Close-Knit,2017,https://boxd.it/fbPS
2018-09-24,Ready Player One,2018,https://boxd.it/aZes
2018-09-24,Kingsman: The Golden Circle,2017,https://boxd.it/buJm
2018-09-24,Kingsman: The Secret Service,2014,https://boxd.it/6dxe
2018-09-24,Blue Is the Warmest Color,2013,https://boxd.it/4O40
2018-09-24,Imagine Me & You,2005,https://boxd.it/28E2
2018-09-24,The Handmaiden,2016,https://boxd.it/948A
2018-09-24,Saving Face,2004,https://boxd.it/1Fj0
2018-09-24,Fingersmith,2005,https://boxd.it/d4v8
2018-09-24,Prayers for Bobby,2009,https://boxd.it/1Bzy
2018-11-08,The Girl in the Spider's Web,2018,https://boxd.it/fUtW
2018-11-09,The Nutcracker and the Four Realms,2018,https://boxd.it/f6rw
2018-11-11,Liz and the Blue Bird,2018,https://boxd.it/hksW
2018-11-26,Maleficent,2014,https://boxd.it/3v1u
2019-03-06,Isn't It Romantic,2019,https://boxd.it/g1jE
2019-03-06,La La Land,2016,https://boxd.it/a5fa
2019-03-07,Moana,2016,https://boxd.it/8tfY
2019-03-09,Green Book,2018,https://boxd.it/hErk
2019-03-17,A Silent Voice,2016,https://boxd.it/d99c
2019-03-21,Captain Marvel,2019,https://boxd.it/9vSA
2019-03-21,Now You See Me 2,2016,https://boxd.it/99fw
2019-04-01,BlacKkKlansman,2018,https://boxd.it/hxL8
2019-04-01,On the Basis of Sex,2018,https://boxd.it/bhDq
2019-04-11,Bumblebee,2018,https://boxd.it/f21O
2019-04-11,Shaun of the Dead,2004,https://boxd.it/29J8
2019-05-01,Avengers: Endgame,2019,https://boxd.it/9vE4
2019-05-01,Guardians of the Galaxy,2014,https://boxd.it/3VH2
2019-05-02,Boy Erased,2018,https://boxd.it/gWxe
2019-05-05,Spider-Man: Homecoming,2017,https://boxd.it/aboM
2019-05-16,Pokémon Detective Pikachu,2019,https://boxd.it/fVA0
2019-05-16,Carol,2015,https://boxd.it/7DPK
2019-06-07,The Invisible Guest,2016,https://boxd.it/euce
2019-06-27,Aladdin,2019,https://boxd.it/eSjy
2019-07-07,Spider-Man: Far from Home,2019,https://boxd.it/fegG
2019-07-07,The Amazing Spider-Man,2012,https://boxd.it/27PI
2019-07-27,The Amazing Spider-Man 2,2014,https://boxd.it/3utM
2019-07-28,Spider-Man,2002,https://boxd.it/2a8i
2019-07-29,Men in Black,1997,https://boxd.it/2a0I
2019-07-29,Men in Black 3,2012,https://boxd.it/103U
2019-08-01,Happy Death Day 2U,2019,https://boxd.it/ixt6
2019-08-03,The Social Network,2010,https://boxd.it/17ue
2019-08-08,The Imitation Game,2014,https://boxd.it/6aig
2019-08-11,Pad Man,2018,https://boxd.it/fX5e
2019-08-11,Zootopia,2016,https://boxd.it/84xS
2019-08-11,Deadpool,2016,https://boxd.it/9fOC
2019-08-11,Deadpool 2,2018,https://boxd.it/dlLM
2019-08-11,Big Hero 6,2014,https://boxd.it/5rje
2019-08-11,Pitch Perfect,2012,https://boxd.it/3OsE
2019-08-11,Brave,2012,https://boxd.it/bVG
2019-08-11,Ted,2012,https://boxd.it/2pgc
2019-08-11,Ted 2,2015,https://boxd.it/6oCY
2019-08-11,You Are the Apple of My Eye,2011,https://boxd.it/2XuC
2019-08-11,Rise of the Planet of the Apes,2011,https://boxd.it/cS4
2019-08-11,Tangled,2010,https://boxd.it/15gO
2019-08-11,Despicable Me,2010,https://boxd.it/1DD8
2019-08-11,Despicable Me 2,2013,https://boxd.it/3gg0
2019-08-11,Despicable Me 3,2017,https://boxd.it/azpu
2019-08-11,Spirited Away,2001,https://boxd.it/2b4m
2019-08-11,How to Train Your Dragon,2010,https://boxd.it/1WRy
2019-08-11,Lucy,2014,https://boxd.it/75hu
2019-08-11,Avengers: Infinity War,2018,https://boxd.it/9vEe
2019-08-11,Harry Potter and the Philosopher's Stone,2001,https://boxd.it/29QS
2019-08-11,Spy,2015,https://boxd.it/71Ks
2019-08-11,Wonder Woman,2017,https://boxd.it/9roG
2019-08-11,Ocean's Eight,2018,https://boxd.it/eaai
2019-08-11,In This Corner of the World,2016,https://boxd.it/d9kY
2019-08-11,Iron Man,2008,https://boxd.it/28dA
2019-08-19,The Lion King,2019,https://boxd.it/eSjI
2019-09-01,Unicorn Store,2017,https://boxd.it/f05u
2019-09-06,Gintama 2: Rules Are Made To Be Broken,2018,https://boxd.it/iOMa
2019-10-01,Fantastic Beasts: The Crimes of Grindelwald,2018,https://boxd.it/bg8G
2019-10-06,Joker,2019,https://boxd.it/h4cS
2019-10-11,One Cut of the Dead,2017,https://boxd.it/iAFu
2019-10-12,Venom,2018,https://boxd.it/b8wA
2019-10-16,Jumanji: Welcome to the Jungle,2017,https://boxd.it/bUeE
2019-10-16,Thor: The Dark World,2013,https://boxd.it/2DqA
2019-10-19,Edge of Tomorrow,2014,https://boxd.it/4pD0
2019-11-01,Maleficent: Mistress of Evil,2019,https://boxd.it/eSig
2019-11-09,Terminator: Dark Fate,2019,https://boxd.it/96YI
2019-11-11,Robin Hood,2018,https://boxd.it/d3bc
2019-11-23,Frozen II,2019,https://boxd.it/aPvo
2020-01-26,Parasite,2019,https://boxd.it/hTha
2020-02-10,Knives Out,2019,https://boxd.it/jWEA
2020-03-02,Charlie's Angels,2019,https://boxd.it/gogo
2020-05-26,The Half of It,2020,https://boxd.it/m0T4
2020-05-26,Back Street Girls: Gokudols,2019,https://boxd.it/l1fW
2020-06-01,Shazam!,2019,https://boxd.it/8WBu
2020-06-14,Little Women,2019,https://boxd.it/aSVk
2020-06-22,Good Boys,2019,https://boxd.it/iW1G
2020-06-28,Paprika,2006,https://boxd.it/23wW
2020-08-22,Mellow,2020,https://boxd.it/pjDK
2020-08-22,Revue Starlight: Rondo Rondo Rondo,2020,https://boxd.it/nYAo
2020-08-30,Booksmart,2019,https://boxd.it/igNS
2020-09-21,Tenet,2020,https://boxd.it/leq4
2020-10-01,Searching,2018,https://boxd.it/hDPg
2020-10-04,Enola Holmes,2020,https://boxd.it/hX2o
2020-10-10,The Theory of Everything,2014,https://boxd.it/7YtA
2020-10-17,"Kim Ji-young, Born 1982",2019,https://boxd.it/lyGw
2020-10-25,Demon Slayer – Kimetsu no Yaiba – The Movie: Mugen Train,2020,https://boxd.it/nyLU
2020-12-31,MOTHER,2020,https://boxd.it/q7mE
2020-12-31,The Promised Neverland,2020,https://boxd.it/nwzs
2020-12-31,Spider-Man: Into the Spider-Verse,2018,https://boxd.it/azpY
2021-01-01,Your Name Engraved Herein,2020,https://boxd.it/qWwA
2021-01-17,The Boys in the Band,2020,https://boxd.it/m176
2021-01-17,Shoplifters,2018,https://boxd.it/ifY6
2021-02-01,Interstellar,2014,https://boxd.it/4VZ8
2021-02-06,Inside Out,2015,https://boxd.it/4KHC
2021-02-13,Ralph Breaks the Internet,2018,https://boxd.it/edAy
2021-02-14,Shutter Island,2010,https://boxd.it/1U82
2021-02-20,Helter Skelter,2012,https://boxd.it/3ybW
2021-03-27,Nomadland,2020,https://boxd.it/lnRy
2021-04-07,Monster Hunter,2020,https://boxd.it/gnB6
2021-04-22,Freaky,2020,https://boxd.it/ka42
2021-05-21,The Wolf of Wall Street,2013,https://boxd.it/3C1m
2021-06-06,Kakegurui 2: Ultimate Russian Roulette,2021,https://boxd.it/rRO2
2021-06-12,Hotel Mumbai,2018,https://boxd.it/eGGg
2021-06-13,Revue Starlight: The Movie,2021,https://boxd.it/nYyC
2021-06-26,The Confidence Man JP - The Movie -,2019,https://boxd.it/kif8
2021-07-18,Coco,2017,https://boxd.it/bYJQ
2021-07-22,Suicide Squad,2016,https://boxd.it/9row
2021-07-23,Birds of Prey (and the Fantabulous Emancipation of One Harley Quinn),2020,https://boxd.it/hSyO
2021-07-25,The Girl Who Leapt Through Time,2006,https://boxd.it/1OPa
2021-07-31,Detention,2019,https://boxd.it/mHII
2021-08-29,Mirai,2018,https://boxd.it/h2Hu
2021-09-12,Shang-Chi and the Legend of the Ten Rings,2021,https://boxd.it/kLDI
2021-09-30,Crayon Shin-chan: My Moving Story! Cactus Large Attack!,2015,https://boxd.it/cSEM
2021-10-01,Crayon Shin-chan: Honeymoon Hurricane ~The Lost Hiroshi~,2019,https://boxd.it/lYsA
2021-10-14,Roald Dahl's The Witches,2020,https://boxd.it/jk0C
2021-10-15,Call Me by Your Name,2017,https://boxd.it/dYmm
2021-10-15,John Wick: Chapter 3 - Parabellum,2019,https://boxd.it/gmFw
2021-10-16,Raya and the Last Dragon,2021,https://boxd.it/jbkI
2021-10-20,The Secret Life of Pets 2,2019,https://boxd.it/ewPM
2021-11-19,Thunder Force,2021,https://boxd.it/mLsE
2021-12-13,Red Notice,2021,https://boxd.it/ixtq
2021-12-29,The King's Man,2021,https://boxd.it/h714
2021-12-30,The Adventures of Tintin,2011,https://boxd.it/1Irc
2022-01-02,Sing,2016,https://boxd.it/b5EQ
2022-01-09,Spider-Man: No Way Home,2021,https://boxd.it/nwRw
2022-01-21,Don't Look Up,2021,https://boxd.it/o0Hc
2022-02-19,Uncharted,2022,https://boxd.it/b5Dy
2022-03-19,Death on the Nile,2022,https://boxd.it/ifpg
2022-03-27,Gunpowder Milkshake,2021,https://boxd.it/l5fQ
2022-03-31,Ip Man,2008,https://boxd.it/1NrQ
2022-04-04,Ip Man 2,2010,https://boxd.it/18gs
2022-04-05,Identity,2003,https://boxd.it/26e2
2022-04-07,Dear Ex,2018,https://boxd.it/j1XK
2022-04-10,Fantastic Beasts: The Secrets of Dumbledore,2022,https://boxd.it/bg8Q
2022-04-15,Memoirs of a Murderer,2017,https://boxd.it/g32A
2022-04-21,Confessions,2010,https://boxd.it/uRS
2022-04-28,Stolen Identity,2018,https://boxd.it/jAmY
2022-05-06,Star Trek Beyond,2016,https://boxd.it/5Ik4
2022-05-07,Masquerade Hotel,2019,https://boxd.it/kidw
2022-05-07,Doctor Strange in the Multiverse of Madness,2022,https://boxd.it/gaTc
2022-05-08,The Danish Girl,2015,https://boxd.it/9Ohy
2022-05-08,Star Trek Into Darkness,2013,https://boxd.it/uYE
2022-05-13,Star Trek,2009,https://boxd.it/1Q6c
2022-05-14,The Devil All the Time,2020,https://boxd.it/i2tY
2022-05-14,The Terminal,2004,https://boxd.it/2a2O
2022-05-15,The King,2019,https://boxd.it/ieZs
2022-05-15,Senior Year,2022,https://boxd.it/u8C2
2022-05-16,The Power of the Dog,2021,https://boxd.it/m99E
2022-05-22,Guns Akimbo,2019,https://boxd.it/gkFu
2022-05-24,Puella Magi Madoka Magica the Movie Part III: Rebellion,2013,https://boxd.it/6kx6
2022-06-07,Gravity,2013,https://boxd.it/GZY
2022-06-11,Top Gun: Maverick,2022,https://boxd.it/cjr4
2022-07-01,Oblivion,2013,https://boxd.it/2Bzq
2022-07-17,Thor: Love and Thunder,2022,https://boxd.it/mMAY
2022-07-26,Minions: The Rise of Gru,2022,https://boxd.it/fz9w
2022-07-31,Dune,2021,https://boxd.it/fA7G
2022-08-06,Minion,2019,https://boxd.it/rEu4
2022-08-06,Minions,2015,https://boxd.it/6jCO
2022-08-11,Gintama: The Very Final,2021,https://boxd.it/rsRq
2022-08-26,Gintama: The Movie: The Final Chapter: Be Forever Yorozuya,2013,https://boxd.it/7dFY
2022-08-31,A Rainy Day in New York,2019,https://boxd.it/h2z6
2022-09-25,Arrival,2016,https://boxd.it/aNGk
2022-09-28,Do Revenge,2022,https://boxd.it/sFiA
2022-10-07,My Broken Mariko,2022,https://boxd.it/z2N4
2022-10-11,The Gray Man,2022,https://boxd.it/rb7q
2022-10-16,Lou,2022,https://boxd.it/fdFK
2022-10-23,Mr. Harrigan's Phone,2022,https://boxd.it/r6VK
2022-11-05,Dating Amber,2020,https://boxd.it/nApw
2022-11-20,Enola Holmes 2,2022,https://boxd.it/vfDe
2022-11-23,Motherhood,2022,https://boxd.it/BDRm
2023-01-16,Portrait of a Lady on Fire,2019,https://boxd.it/jkPq
2023-02-04,The Good Nurse,2022,https://boxd.it/jIXI
2023-02-11,Glass Onion: A Knives Out Mystery,2022,https://boxd.it/oCkK
2023-02-12,Demon Slayer: Kimetsu no Yaiba -To the Swordsmith Village-,2023,https://boxd.it/EnHw
